SampleID,Hyp,His,Ser,Arg,Gly,Asp,Glu,Thr,Ala,Pro,Lys,Tyr,Met,Val,Ile,Leu,Phe,Class
P1,3776.36,0,1151.11572,2255.40918,11982,1267.19714,2433.94092,660.38953,3628.93042,4484.0376,1445.06409,180.24123,300.01492,884.42603,387.74213,906.72717,560.17639,Porcine
P2,3683.46,0,1122.48169,2200.79956,11748,1232.06567,2360.66089,646.06708,3526.01025,4334.82031,1388.75452,169.98605,287.51151,857.10736,375.43216,878.20374,548.07458,Porcine
P3,3716.590285,11.3625641,1037.30994,2076.44189,11507.7,1475.46448,2603.43091,591.46631,3754.47437,4465.66016,1544.3053,143.08247,264.16275,839.54626,366.97888,872.75543,531.72302,Porcine
P4,3649.00,0,1068.9928,2138.24146,11810.9,1212.59485,2738.63013,610.75647,3912.46313,4618.46582,1624.12463,144.57561,271.74045,875.10236,379.71371,906.55115,543.87628,Porcine
P5,3785.00,0,1134.00757,2246.79468,11830.9,1267.81287,2408.81177,653.42926,3583.48413,4387.7168,1421.8407,169.86467,286.61777,864.69495,382.13046,886.07367,561.94958,Porcine
P6,3653.52,0,1116.06897,2175.99707,11663.5,1254.57422,2365.25342,638.99365,3532.31274,4344.79443,1423.4895,158.4447907,246.84474,855.22058,382.10782,877.90472,543.52966,Porcine
P7,3757.95,0,1144.40161,2249.12378,11917.9,1241.91785,2401.77344,657.22119,3594.198,4466.53613,1421.87915,174.91502,292.67722,881.77051,385.40399,902.76385,559.2771,Porcine
P8,3783.39,0,1142.72681,2106.77173,11345.3,1186.04321,2146.5647,624.6026,3147.56128,3940.44995,1310.54407,140.65431,269.3219582,786.3158,367.7878553,862.07886,537.45953,Porcine
P9,3702.99,0,1073.04675,2208.51333,11835.80227,1076.12817,2003.02869,626.8950923,2844.15845,4259.880042,1154.33911,149.59767,262.77411,828.905426,352.72174,859.258924,514.36133,Porcine
P10,3721.08,0,1121.40112,2069.80786,11437.4,1474.76892,2577.80518,603.17639,3570.15503,4225.50195,1561.01904,164.375,283.46375,820.4212,394.63089,875.88428,545.4522112,Porcine
P11,3730.37,0,1127.31152,2067.79858,11330.5,1414.48682,2507.27637,608.38483,3496.10132,4140.61133,1528.15259,164.85417,287.57751,810.6825,390.66486,864.16675,545.4522112,Porcine
P12,3814.10,0,1116.44019,2112.16699,11143.4,1116.4917,2072.61377,611.71405,2980.12549,3750.39917,1217.80994,150.89833,250.4995,751.57007,371.50491,802.27393,531.58301,Porcine
P13,3730.36,0,1097.97095,2052.56592,11036.1,1190.68359,2180.90552,593.99719,3082.03491,3807.15161,1277.64648,167.15941,281.94626,755.67444,364.28839,805.80475,511.97205,Porcine
P14,3754.96,0,1112.97021,2083.33398,11151.8,1138.474,2118.75977,608.79431,3077.74561,3826.84521,1287.2981,151.70795,269.07367,763.99042,376.15262,814.1012,517.72699,Porcine
P15,3674.23,0,1037.82568,2137.93652,10941.1,1212.59485,2280.130267,611.49817,3412.924717,4259.880042,1364.341708,142.49637,244.69458,828.905426,367.7878553,859.258924,552.0332,Porcine
P16,3517.48,0,1021.91058,2040.49036,10966.2,1107.21118,2099.41626,586.57782,3128.25757,3866.11011,1227.80054,144.97795,243.70943,766.99194,333.48175,785.34027,525.7334,Porcine
P17,3775.20,0,1075.06458,2168.67651,11418,1175.70337,2223.0249,614.56378,3275.50391,4068.44141,1271.59033,162.40926,272.18668,803.71893,347.02359,823.55328,562.45966,Porcine
P18,3716.590285,11.3625641,1073.86548,2094.1709,11500,1475.09705,2618.54321,605.48303,3792.39209,4461.05762,1581.83508,150.24969,266.58322,853.1203,377.04422,901.25409,547.24274,Porcine
P19,3716.590285,11.3625641,1068.34546,2111.2168,11583.4,1465.38867,2614.67603,607.64612,3782.37476,4444.7373,1555.84924,152.44205,267.93979,852.2312,369.71561,874.73035,535.04999,Porcine
P20,3810.86,0,1152.25342,2307.1814,12154.5,1251.74707,2380.48779,662.5246,3652.84473,4539.80469,1480.26904,161.12825,287.99228,893.74286,388.46729,917.78943,565.59711,Porcine
P21,3456.29,11.3625641,1102.06165,2159.67944,11732.2,1517.13611,2700.92676,626.10608,3925.38428,4589.68311,1641.32983,155.32986,270.07443,879.02094,389.21857,926.70026,563.74255,Porcine
P22,3570.16,0,1038.13892,2177.47852,11609,1102.14392,2143.51514,618.20233,3281.86353,4090.82568,1276.63733,159.12709,270.27438,811.50305,357.20197,830.39923,529.08844,Porcine
P23,3747.81,0,1078.95557,2273.0376,11913.6,1074.12476,2113.30273,637.19177,3268.48584,4184.95117,1259.64209,170.17026,285.03275,823.07318,362.8627,848.57227,557.29883,Porcine
P24,3720.14,0,1070.96436,2253.14575,11917.5,1073.12769,2106.62964,633.29303,3249.80957,4150.29346,1252.05237,161.31361,279.45734,826.93665,361.55188,844.8407,551.91937,Porcine
P25,3761.62,0,1073.74231,2275.02075,11923.9,1082.32861,2097.78271,637.78296,3233.24683,4144.33594,1236.00244,155.14514,249.12811,821.40948,363.54034,841.52026,560.19727,Porcine
P26,3639.23,0,1056.62708,2192.0249,12011.4,1458.12561,2618.87354,613.64893,3855.30005,4619.92529,1610.88879,143.25449,273.34003,867.09802,378.29361,900.53912,533.53961,Porcine
P27,3649.90,0,1050.33191,2197.7251,11711,1094.94067,2114.01343,619.94641,3216.88477,4066.1626,1245.80725,146.87842,247.3671,801.97296,351.26929,814.66052,525.10919,Porcine
P28,3600.79,11.3625641,1067.07654,2263.29688,12386,1472.53601,2646.46362,621.77667,3907.81909,4749.80469,1613.38989,148.60312,280.15588,887.49933,386.93503,924.69556,561.1153,Porcine
P29,3687.68,0,1060.42908,2233.55566,11818.3,1059.94641,2062.04199,628.06506,3187.10474,4096.34717,1225.64587,149.10475,243.61766,807.88025,360.39734,834.76501,545.58063,Porcine
P30,3802.53,0,1036.52832,2247.79468,12301.3,1435.11633,2534.05273,609.73877,3846.48462,4739.64063,1586.39526,151.03818,285.51459,875.92444,382.37238,916.16217,556.40247,Porcine
P31,3819.33,0,1051.85547,2252.35107,12347.8,1433.68982,2564.72559,611.4325,3835.11938,4732.41162,1574.10779,150.18546,276.69467,871.72272,381.67456,912.45013,559.85101,Porcine
P32,3732.02,0,1055.99719,2313.16138,12204.2,1103.54102,2118.93359,645.30182,3326.55518,4253.79395,1299.37659,163.8703,257.95703,829.62238,362.87265,856.14331,545.00897,Porcine
P33,3740.96,0,1040.63037,2280.72876,11940.1,1024.24451,1985.39832,630.86499,3128.23975,4037.59448,1192.88367,164.86617,265.42529,797.32727,345.86264,818.13281,545.91779,Porcine
P34,3798.08,0,1058.64099,2352.36401,12319.8,1092.37683,2117.5752,652.54449,3327.06982,4248.41309,1285.9657,166.1398,267.82993,832.93671,364.78415,858.12659,556.03699,Porcine
P35,3773.25,0,1067.3949,2335.60864,12312.3,1090.94092,2105.17773,651.64655,3308.021,4243.67871,1275.27039,161.21439,253.14706,831.95349,365.03757,858.06995,551.4964,Porcine
P36,3782.45,0,1051.62646,2337.42725,12216.2,1056.75854,2069.47559,646.06763,3259.22754,4188.38086,1250.88245,174.45638,283.46494,819.17639,358.18393,845.94208,552.62146,Porcine
P37,3709.06,0,1052.69116,2288.43774,12098.9,1106.14331,2114.93213,639.47394,3308.59521,4182.97021,1283.27893,159.90527,252.46288,817.3194,358.2832,843.82684,541.0943,Porcine
P38,3771.34,0,1010.62219,2261.6333,12109.4,1248.5061,2333.76318,609.47089,3439.63428,4299.86914,1325.25452,176.20465,270.45789,816.86322,353.79858,842.84509,549.35022,Porcine
P39,3734.51,0,1050.55579,2327.30225,12329.5,1119.71899,2180.08057,647.41687,3400.45435,4317.41553,1335.5249,168.49306,281.29456,845.91779,367.56921,869.58673,545.91071,Porcine
P40,3750.09,0,1006.26154,2288.37817,11875.3,995.12115,1978.70129,624.1825,3063.3916,3970.59351,1146.06262,172.80824,277.97568,781.3891,339.45233,803.57349,548.02863,Porcine
B1,3778.29,0,983.7419,1914.95715,10910.8,1036.9683,1990.04956,559.28894,2991.9463,3705.42798,1080.1051,109.46068,278.74048,685.67444,385.84088,757.98322,508.8407,Bovine
B2,3789.21,0,1056.1604,2011.67419,11229.9,1033.95361,1996.13318,606.71466,3028.39307,3752.57886,1095.27075,87.18262,229.87628,714.56464,407.20117,787.79779,505.2666,Bovine
B3,3581.82,0,1044.46924,1944.05786,11143.9,1114.43823,2133.12598,598.82965,3210.60034,3886.57129,1199.42407,78.51939,127.56744,736.40869,418.72394,807.71832,477.78427,Bovine
B4,3494.30,0,941.81494,1837.94983,10325,1017.34778,1906.37183,545.33667,2801.51587,3394.49463,1007.53845,83.17887,199.82588,643.55072,365.13266,706.15656,473.61649,Bovine
B5,3598.05,0,1040.98865,1954.74951,11175.2,1072.22742,2048.19141,596.00433,3102.67896,3821.76514,1145.71509,88.26228,230.02156,721.10583,410.93,798.5105,478.76486,Bovine
B6,3443.24,0,965.33252,1843.46313,10584.5,1113.92017,2064.50854,556.81482,3036.28369,3632.22241,1132.51941,76.60287,197.04399,686.36224,389.87836,752.37408,464.49722,Bovine
B7,3656.36,0,1035.40662,1974.7677,11278.6,1090.78967,2089.3645,596.30725,3117.57153,3824.68994,1154.2821,105.07963,247.133,724.73816,410.18771,795.65649,487.24835,Bovine
B8,3669.38,0,990.55939,1914.57935,10448.3,964.51367,1800.04834,567.42877,2690.41797,3383.48071,953.22675,88.84617,92.53768,638.64832,365.4111,706.25952,505.642,Bovine
B9,3633.35,0,1040.9613,1967.8269,10968.2,979.43408,1886.07471,597.61444,2864.34302,3646.02515,1033.42432,89.22338,128.47852,688.88336,394.43741,763.27814,490.90775,Bovine
B10,3744.73,0,1102.46094,2079.52515,11522.4,1063.97717,1977.84827,628.16718,3047.35718,3920.15308,1124.78723,86.49953,278.91153,743.24457,423.85083,819.41296,503.29144,Bovine
B11,3557.09,0,971.79901,1866.52246,10335.7,990.8139,1825.85205,556.79517,2675.52783,3342.32764,950.04279,84.7741,93.96127,631.68048,369.84399,719.39453,502.00037,Bovine
B12,3412.22,0,974.22723,1823.13794,10302.4,984.76947,1898.41272,554.36328,2836.96509,3498.88257,1057.09717,87.89937,271.65253,654.82233,373.60693,724.44934,479.20,Bovine
B13,3552.25,0,969.33496,1870.75305,10325.1,956.30542,1769.96802,555.95099,2605.19995,3895.41,912.43469,84.4827,97.17277,729.64,357.43991,804.75,483.95908,Bovine
B14,3512.43,0,1010.09351,1901.98303,10665.3,1013.24908,1889.76538,575.44891,2835.97144,3561.27197,1038.40698,82.62871,98.45589,669.84448,383.23715,741.27948,477.15958,Bovine
B15,3449.67,0,968.362,1819.83813,10254.7,1003.27271,1842.95032,549.4632,2704.62109,3343.96973,974.08197,81.23198,100.83283,631.07275,361.89505,699.10406,466.53384,Bovine
B16,3497.24,0,1050.59009,1941.2312,11280.1,1458.04626,2600.17432,596.13812,3777.14746,4293.16309,1550.99658,100.72984,317.70346,789.23987,448.34521,890.42761,486.25174,Bovine
B17,3522.65,0,1049.31348,1963.54846,11203.9,1233.79541,2275.24683,605.0564,3427.78101,4060.78076,1352.01819,84.72663,130.27618,769.89166,435.10223,843.99115,472.18967,Bovine
B18,3344.43,0,974.45819,1809.38049,10581.1,1279.9281,2319.92041,547.40662,3328.50537,3870.98486,1327.65918,100.44721,288.81808,716.8902,406.48566,805.2348,463.86261,Bovine
B19,3371.20,0,1021.33093,1881.14807,10965.8,1466.19788,2603.68994,583.71643,3720.48828,4158.40332,1525.99854,99.80998,287.66724,772.49463,430.50131,844.73785,453.4411,Bovine
B20,3444.01,0,1043.85217,1939.69592,11137.9,1231.1217,2288.02344,600.22961,3442.7937,4070.61572,1364.89441,85.76576,265.37265,766.67572,433.84769,841.36133,464.51718,Bovine
B21,3453.06,0,992.28528,1887.65552,11013.5,1315.75708,2381.29297,557.60443,3475.89282,4117.94043,1395.05542,103.73367,263.44141,752.32166,420.68927,827.47314,463.37946,Bovine
B22,3675.58,0,1065.26855,2045.76965,11414.5,1085.59338,2109.13135,620.73834,3204.62134,3981.67627,1217.60522,92.26784,283.03674,767.25183,430.45459,834.02997,496.82809,Bovine
B23,3506.99,0,1061.91602,1942.27185,11161.6,1216.44226,2240.98828,604.10449,3393.95752,4037.06079,1340.69629,87.20456,249.9893,760.95337,431.71512,837.98553,468.24899,Bovine
B24,3555.63,0,1018.08,1945.07,11059.64,1244.34338,2195.16333,586.45,3133.44141,3514.19531,1270.69421,72.42367,194.52895,662.06628,369.56915,717.81921,479.20,Bovine
B25,3660.09,0,1079.85291,2025.49231,11440.8,1247.99951,2335.5957,618.52472,3478.31763,4111.47754,1355.51501,101.30465,235.91466,774.61212,433.96399,852.59216,492.71265,Bovine
B26,3484.46,0,1039.29541,1921.94458,11006.3,1243.74463,2322.53418,591.74719,3417.66577,3996.41577,1355.88049,106.05373,265.95508,751.70911,418.66867,822.35968,464.04666,Bovine
B27,3687.24,0,1087.33911,2031.43262,11440.4,1227.91492,2332.23218,621.70648,3498.30713,4161.26758,1379.98267,111.44256,252.36307,782.20081,438.90952,863.17749,493.80447,Bovine
B28,3678.19,0,1104.62268,2033.37415,11613.4,1499.86865,2678.82642,622.91864,3861.18726,4402.0332,1562.61121,109.99033,253.38165,807.64624,454.22345,894.35791,489.71127,Bovine
B29,3266.11,0,1037.26184,1911.45056,10996.8,1318.54565,2424.49976,588.64386,3562.62256,4077.99023,1431.3313,105.82934,240.12492,759.12964,425.88885,835.72156,462.09122,Bovine
B30,3497.09,0,1060.9719,1936.4056,11157.5,1354.55383,2464.83594,601.08429,3660.72241,4182.12305,1484.89575,95.13586,209.60323,783.00116,437.6163,859.76538,468.14868,Bovine
B31,3327.53,0,1010.95953,1861.51758,10853.6,1458.72583,2576.9231,573.05145,3639.56177,4096.08984,1507.38513,100.02953,230.70927,755.1636,428.52356,851.13361,465.64117,Bovine
B32,3565.59,0,1063.16504,1974.66663,11332.4,1281.52173,2322.12915,609.12305,3534.56323,4114.18945,1409.42468,86.51673,201.32384,767.34412,438.5578,846.96625,474.284,Bovine
B33,3650.32,0,978.1142,2004.31909,11357.9,1257.32214,2320.55054,579.04041,3358.55029,3966.40723,1297.94849,106.13865,256.10315,737.19153,409.91168,805.11523,483.16235,Bovine
B34,3524.75,0,949.91364,1928.5094,11277.4,1418.6687,2476.91187,561.53778,3583.13135,4114.43262,1425.34814,93.14997,248.80124,742.50671,415.69046,822.05402,464.17569,Bovine
B35,3641.21,0,999.18219,2028.82813,11425,1204.50171,2224.63379,595.90729,3336.84717,3930.67554,1299.35364,88.84883,221.40089,742.01221,416.24945,811.78448,480.46831,Bovine
B36,3609.58,0,1023.01453,2040.63074,11600,1219.17871,2218.26978,607.19116,3384.80566,4033.52954,1327.10767,83.11417,184.49675,761.10406,427.72327,833.09381,472.63849,Bovine
B37,3566.27,0,983.09436,2003.63562,11192.7,1209.47864,2154.62305,586.37341,3215.91406,3807.75391,1233.78247,79.21668,150.10152,717.18036,405.29071,785.62561,476.53726,Bovine
B38,3645.70,0,1011.31396,2050.41626,11481,1212.63379,2180.96558,603.31244,3309.44067,3747.5022,1281.32666,80.5816,156.675,742.211,418.91562,813.86334,484.39288,Bovine
B39,3523.00,0,947.53979,1985.38428,11570.9,1484.60583,2528.85669,577.38525,3798.59595,4306.48047,1538.38427,91.51691,251.22768,762.9024,430.49466,852.8421,463.38364,Bovine
B40,3654.73,0,974.70819,1983.27197,11351.4,1385.1366,2476.30566,574.53888,3522.91699,4053.93237,1389.1394,105.35709,250.11104,741.73346,412.26053,812.48834,480.12967,Bovine
F1,2112.552,341.81094,2123.50806,2353.69312,12280.2,1379.65588,2273.44385,978.71313,3534.24146,3360.91431,1409.23523,106.16936,601.74255,725.18011,437.58893,724.39319,494.41339,Fish
F2,2139.8667,345.09027,2142.23755,2369.14624,12216.6,1366.6322,2233.25171,982.12476,3462.40088,3302.16406,1363.73987,108.04874,611.07629,717.69165,438.97815,735.14478,520.84747,Fish
F3,2143.9314,340.53305,2157.03638,2376.74805,12324.4,1392.49207,2291.47827,986.71771,3564.51538,3391.76392,1430.29395,106.68896,621.29022,738.15088,449.81104,754.44769,519.65698,Fish
F4,2141.83008,343.34909,2172.33447,2388.45703,12389.8,1432.6499,2346.30347,995.03387,3650.29956,3447.43213,1463.63049,120.2568,638.95404,740.88538,444.61249,742.04022,496.48962,Fish
F5,2159.03809,349.32358,2179.70752,2397.00488,12380.9,1399.17004,2303.46655,996.75116,3597.75244,3431.05347,1448.4126,107.94641,621.81451,742.48743,444.89941,738.48621,503.23517,Fish
F6,2207.82471,359.67987,2245.13257,2470.84375,12621.9,1412.89026,2334.73047,1024.51978,3698.23267,3542.53564,1495.08655,122.71003,661.73981,759.84753,455.8147,764.13452,512.84723,Fish
F7,2144.53687,347.33673,2147.07104,2368.27954,12192,1373.54578,2251.26074,982.01276,3512.35938,3334.15186,1393.08228,110.11606,636.67493,721.73462,431.02078,718.54913,499.16589,Fish
F8,2206.48779,362.21854,2217.02637,2433.82202,12497.7,1340.73901,2250.08643,1020.22064,3534.04419,3440.55176,1380.5033,113.40476,630.44366,746.56,457.69525,765.8775,496.0416889,Fish
F9,2226.48267,306.74759,2082.815308,2340.493064,12263.52308,1305.18457,2125.95435,952.9471523,3122.05444,3084.22485,1161.84009,125.93464,626.0544797,637.24139,379.46497,656.32642,517.51306,Fish
F10,2206.58032,307.42923,2126.61353,2366.71509,12273.3,1559.69556,2517.43628,975.79565,3797.30396,3518.06128,1535.88403,126.99052,662.73029,755.22742,444.88037,765.7146,516.6344,Fish
F11,2181.28223,309.44254,2043.14258,2306.80054,11818.8,1160.36731,1972.34778,946.39978,3104.94385,3074.00098,1178.69531,120.6074,647.35693,677.84827,395.60861,666.97473,499.91287,Fish
F12,2164.33691,302.97125,1946.84314,2231.71826,11642.8,1347.77795,2182.09546,885.78607,3258.05127,3142.84351,1251.86633,126.94062,606.6593,670.99719,395.62119,680.82153,508.57344,Fish
F13,2218.80664,319.67743,2162.93799,2413.01074,12432.5,1314.075452,2162.069509,993.17853,3368.95352,3265.495024,1320.824397,130.17302,673.3194,700.8331588,455.02637,699.2445438,523.2309,Fish
F14,2227.65234,315.88876,2140.29688,2388.0376,12305.2,1544.73779,2496.76929,978.97211,3755.96753,3506.35059,1516.50952,129.04802,666.07001,757.66266,443.56622,765.04993,521.87115,Fish
F15,2174.21729,305.68469,1965.65027,2240.2351,11629.1,1359.10742,2200.06079,895.63043,3257.43823,3124.26953,1244.54468,127.31092,616.74823,672.01324,395.43408,680.38953,511.26468,Fish
F16,2181.09692,306.8811,2060.14404,2292.09375,12044.6,1543.24097,2454.79102,934.4671,3627.35547,3374.44922,1451.53992,125.32201,632.82013,722.98248,418.84717,713.55176,495.9238,Fish
F17,2142.08667,304.80704,2038.00146,2296.76929,11782.5,1226.63416,2064.23682,941.51819,3191.22778,3122.97388,1219.78503,125.79694,641.22656,683.23096,397.96912,673.4837,490.2016,Fish
F18,2192.88672,304.30914,1941.46033,2210.7522,11653.7,1410.93005,2257.67505,876.06848,3331.89795,3192.25488,1286.41321,125.63357,602.20581,677.43878,391.84695,669.61285,496.80072,Fish
F19,2129.97437,350.42569,2098.11353,2372.61108,12168.9,1257.60388,2109.02368,966.091,3306.33667,3262.95313,1307.91565,108.68576,635.46124,692.06451,410.49268,688.40906,467.60312,Fish
F20,2039.79285,338.15811,2033.55957,2285.81763,11916.8,1225.69336,2043.3949,936.53394,3237.91968,3152.63428,1265.53479,107.10049,623.87817,679.47955,407.96066,683.61334,475.05313,Fish
F21,2211.84912,367.16647,2142.99463,2459.39771,12416.5,1224.09314,2062.28394,991.92194,3299.01758,3273.09497,1282.73206,114.32693,652.32526,698.28156,415.49069,697.62122,495.68515,Fish
F22,2097.1333,341.26605,1985.85767,2289.41797,11729.8,1185.87158,1981.22815,918.1322,3097.54053,3033.48413,1210.37549,117.13824,649.9884,650.69342,388.05881,654.14276,489.8031,Fish
F23,2136.65747,352.41504,2053.32349,2357.23047,12071.1,1121.99988,1912.08508,952.4696,3134.25244,3086.21484,1175.21667,115.35181,642.677,666.37103,399.24014,670.59607,495.79294,Fish
F24,2066.00317,335.49283,2060.85791,2318.62207,12119.2,1265.15906,2102.05542,949.19922,3378.49048,3269.38989,1353.73254,106.80783,624.70599,696.39587,416.47208,699.56671,477.01208,Fish
F25,2136.85034,349.61743,2073.09058,2367.35425,12162.9,1158.91296,1952.57825,957.02588,3171.7854,3142.53076,1227.07361,112.85741,639.46057,677.51392,403.94843,681.409,493.13757,Fish
F26,2119.146,352.50977,2040.18311,2335.43774,12009.6,1310.26221,2146.09326,931.0531,3274.48901,3169.13574,1283.55969,120.56672,611.66663,660.66394,376.12177,637.58026,496.0416889,Fish
F27,2170.9978,352.58972,2108.03247,2402.47144,12331.2,1159.52734,1960.84998,971.54565,3201.79272,3199.45996,1242.71155,111.03117,634.8667,687.25641,412.8237,693.76599,501.3912,Fish
F28,2119.21631,341.91824,2009.20581,2418.22778,12563.1,1236.98901,2090.51685,958.84302,3327.67041,3267.95239,1305.45337,104.85114,616.29279,701.14807,429.00867,722.85229,511.61728,Fish
F29,2135.67456,336.90701,2060.51563,2413.52026,12678.4,1363.2312,2260.25293,963.41046,3529.72632,3394.51685,1404.67126,122.55833,650.8042,727.8457,422.39871,720.41187,487.02869,Fish
F30,2062.26758,328.26932,1988.61108,2330.2124,12543.4,1314.075452,2162.069509,926.81604,3368.95352,3521.0498,1320.824397,112.41402,614.8905,734.9212,428.19281,728.05859,469.02567,Fish
F31,2099.93774,320.46024,2011.63098,2358.85864,12433.9,1259.87549,2105.17676,945.26013,3339.92114,3244.33765,1324.08081,103.81438,605.49072,700.88202,410.59811,692.84741,478.82663,Fish
F32,2130.51343,338.30194,1998.0603,2420.28149,12467.7,1175.76294,1995.58801,952.91333,3221.09595,3178.3689,1253.73535,119.46837,637.8797,687.63794,401.77298,682.07227,486.86765,Fish
F33,2095.80957,315.48566,2093.39917,2244.0708,12447.8,1192.38135,1978.47485,934.79779,3151.40161,3147.83667,1217.95984,91.81893,575.78943,675.95032,395.55939,661.03491,474.68021,Fish
F34,2114.91895,310.01129,2103.7998,2264.89575,12491.1,1185.35156,1967.05676,943.09064,3151.73608,3141.052,1210.58215,96.1528,588.57556,675.86804,396.65439,661.11829,481.18719,Fish
F35,2128.70825,322.41257,2034.16101,2203.14233,12655,1519.67114,2340.9209,887.02484,3566.01221,3429.18774,1426.33252,95.1293,581.30231,701.59772,395.00555,681.37317,476.94879,Fish
F36,2219.74658,333.6572,2178.60278,2369.82764,12931.5,1271.0946,2095.30933,978.54712,3326.79395,3296.29761,1285.32605,95.56573,616.50415,707.84863,402.85559,680.17822,503.97208,Fish
F37,2147.424045,300.22345,1971.64453,2340.493064,11890.9,1216.53052,1987.67542,882.38861,3064.35815,2999.72656,1195.28442,98.93005,626.0544797,643.62939,373.82327,627.09735,496.0416889,Fish
F38,2045.97925,303.47995,2043.38708,2196.74609,12301.7,1236.90662,2036.46667,917.74872,3205.46216,3143.78052,1252.23718,113.6309915,626.0544797,674.28925,394.73792,658.00037,464.50955,Fish
F39,2249.77515,346.05658,2127.51563,2325.54321,12263.52308,1571.9375,2431.22461,929.24255,3729.44141,3265.495024,1486.02954,98.99511,612.54224,738.16614,415.74985,716.92902,504.8613,Fish
F40,2104.42529,332.1105,2170.17432,2285.39795,12643.8,1217.62012,2019.29578,962.65631,3236.06958,3245.77246,1239.15479,108.64104,607.01208,690.08466,399.78363,681.27185,474.32651,Fish
